INSERT INTO circuito_en_instancia_electiva (id_circuito, id_instancia_electiva) VALUES
(1, 1),
(2, 1),
(3, 1),
(4, 1),
(5, 1),
(6, 1),
(7, 1),
(8, 1),
(9, 1),
(10, 1),
(11, 1),
(12, 1),
(13, 1),
(14, 1),
(15, 1);


INSERT INTO credencial_asignada_circuito_instancia_electiva
(serie_credencial, numero_credencial, id_circuito, id_instancia_electiva, voto_realizado) VALUES
('AHM', 78809, 1, 1, 0),
('AJK', 42216, 2, 1, 0),
('ARK', 81341, 3, 1, 0),
('AXV', 38857, 4, 1, 0),
('AYX', 15439, 5, 1, 0),
('BJA', 75031, 6, 1, 0),
('BLT', 28743, 7, 1, 0),
('BMW', 13476, 8, 1, 0),
('BNM', 60471, 9, 1, 0),
('BXC', 71048, 10, 1, 0),
('CBE', 59964, 11, 1, 0),
('CPG', 31877, 12, 1, 0),
('CUA', 58734, 13, 1, 0),
('CWY', 10057, 14, 1, 0),
('DHL', 78051, 15, 1, 0),

('DKP', 74058, 1, 1, 0),
('DLX', 71325, 2, 1, 0),
('DZC', 12084, 3, 1, 0),
('EGN', 50631, 4, 1, 0),
('EHA', 84041, 5, 1, 0),
('ENK', 15976, 6, 1, 0),
('EZW', 74198, 7, 1, 0),
('FCT', 36772, 8, 1, 0),
('FPW', 22813, 9, 1, 0),
('FZO', 69312, 10, 1, 0),
('GMR', 83200, 11, 1, 0),
('GUQ', 75136, 12, 1, 0),
('HCN', 35147, 13, 1, 0),
('HMG', 29360, 14, 1, 0),
('HRT', 88521, 15, 1, 0),

('HXA', 97253, 1, 1, 0),
('IAZ', 89123, 2, 1, 0),
('IKN', 35680, 3, 1, 0),
('IMD', 81165, 4, 1, 0),
('JFE', 72059, 5, 1, 0),
('JNU', 16953, 6, 1, 0),
('JXO', 59082, 7, 1, 0),
('JYK', 70041, 8, 1, 0),
('KJD', 50316, 9, 1, 0),
('KSL', 30109, 10, 1, 0),
('KSU', 89504, 11, 1, 0),
('KXP', 88226, 12, 1, 0),
('LFC', 50231, 13, 1, 0),
('LUA', 62311, 14, 1, 0),
('LVN', 76590, 15, 1, 0),

('LYI', 60123, 1, 1, 1),
('MHQ', 97244, 2, 1, 1),
('MKS', 93208, 3, 1, 1),
('MLB', 70622, 4, 1, 1),
('MYP', 40597, 5, 1, 1),
('NPF', 44276, 6, 1, 1),
('NRH', 61602, 7, 1, 1),
('NUE', 98362, 8, 1, 1),
('NWB', 46382, 9, 1, 1),
('NYC', 40650, 10, 1, 1),
('OGV', 38240, 11, 1, 1),
('OGY', 37608, 12, 1, 1),
('OKP', 47531, 13, 1, 1),
('PKO', 21752, 14, 1, 1),
('PVA', 76958, 15, 1, 1),

('PXZ', 33364, 1, 1, 1),
('QDF', 47239, 2, 1, 1),
('QMW', 12659, 3, 1, 1),
('QYO', 19046, 4, 1, 1),
('RDG', 29546, 5, 1, 1),
('RHL', 58195, 6, 1, 1),
('RMZ', 96414, 7, 1, 1),
('RZQ', 42197, 8, 1, 1),
('SEC', 40119, 9, 1, 1),
('SUX', 24856, 10, 1, 1),
('SYF', 48399, 11, 1, 1),
('TFJ', 92203, 12, 1, 1),
('TKE', 89720, 13, 1, 1),
('TQH', 98760, 14, 1, 1),
('TXB', 22786, 15, 1, 1),

('TYZ', 84497, 1, 1, 1),
('UBQ', 95680, 2, 1, 1),
('UIG', 61977, 3, 1, 1),
('UYB', 66780, 4, 1, 1),
('VNE', 98142, 5, 1, 1),
('VPL', 92547, 6, 1, 1),
('VRK', 76814, 7, 1, 1),
('VXJ', 11460, 8, 1, 1),
('WEN', 48915, 9, 1, 1),
('WLZ', 24601, 10, 1, 1),
('WRI', 37982, 11, 1, 1),
('WVE', 11966, 12, 1, 1),
('WVJ', 13987, 13, 1, 1),
('XQE', 67101, 14, 1, 1),
('XTY', 56480, 15, 1, 1),

('XUA', 15237, 1, 1, 1),
('YCV', 77236, 2, 1, 1),
('YJW', 92508, 3, 1, 1),
('YLM', 84979, 4, 1, 1),
('YQD', 33381, 5, 1, 1),
('ZCK', 93755, 6, 1, 1),
('ZDJ', 24851, 7, 1, 1),
('ZEL', 15406, 8, 1, 1),
('ZFS', 19308, 9, 1, 1),
('ZWI', 86571, 10, 1, 1);
-- siempre para la elección num 1
-- credenciales referenciando a las ya creadas


INSERT INTO eleccion_en_instancia_electiva (id_eleccion, id_instancia_electiva) VALUES (1, 1);


-- En la tabla id_integrante_candidato no agregamos datos porque aún no es pertinente


INSERT INTO integrante_partido (ci, id_partido) VALUES
('8.331.044-4', 1),
('3.673.986-3', 1),
('7.073.299-4', 2),
('5.055.109-6', 2),
('5.125.276-8', 3),
('3.447.151-4', 3),
('1.467.847-6', 1),
('8.476.256-6', 1),
('8.531.623-0', 2),
('3.955.567-2', 2),
('3.653.515-6', 3),
('6.160.974-6', 3),
('8.416.469-2', 1),
('4.409.196-6', 1),
('9.090.524-3', 2),
('2.572.090-8', 2),
('1.918.115-4', 3),
('8.988.078-9', 3),
('8.586.431-1', 1),
('7.997.573-3', 1);


INSERT INTO papeleta_en_voto (id_voto, id_papeleta) VALUES
(1, 1), (16, 1), (31, 1), (45, 1), (61, 1),
(2, 2), (18, 2), (32, 2), (47, 2), (62, 2),
(3, 3), (19, 3), (33, 3), (48, 3),
(4, 4), (20, 4), (34, 4), (49, 4), (63, 4),
(5, 5), (21, 5), (35, 5), (50, 5),
(6, 6), (22, 6), (36, 6), (51, 6), (66, 6),
(7, 7), (23, 7), (37, 7), (52, 7),
(8, 8), (24, 8), (38, 8), (53, 8), (67, 8),
(9, 9), (25, 9), (39, 9), (54, 9), (68, 9),
(10, 10), (26, 10), (40, 10), (55, 10), (69, 10),
(11, 11), (27, 11), (41, 11), (56, 11),
(12, 12), (28, 12), (42, 12), (57, 12), (70, 12),
(13, 13), (29, 13), (43, 13), (58, 13),
(14, 14), (30, 14), (44, 14), (59, 14),
(15, 15), (30, 15), (44, 15), (60, 15);


-- en policia no agregamos nada porque no es relevante para la app web



INSERT INTO voto_circuito_en_instancia_electiva 
(id_voto, id_circuito, id_instancia_electiva, fecha_hora, observado) VALUES
(1, 1, 1, '2025-10-21 08:15:23', 0),
(2, 2, 1, '2025-10-21 09:47:55', 0),
(3, 3, 1, '2025-10-21 10:32:10', 0),
(4, 4, 1, '2025-10-21 11:08:40', 0),
(5, 5, 1, '2025-10-21 12:22:33', 0),
(6, 6, 1, '2025-10-21 13:44:01', 0),
(7, 7, 1, '2025-10-21 14:55:16', 0),
(8, 8, 1, '2025-10-21 15:29:39', 0),
(9, 9, 1, '2025-10-21 16:18:42', 0),
(10, 10, 1, '2025-10-21 17:07:04', 0),
(11, 11, 1, '2025-10-21 18:20:58', 0),
(12, 12, 1, '2025-10-21 19:33:21', 0),
(13, 13, 1, '2025-10-21 08:05:50', 0),
(14, 14, 1, '2025-10-21 09:41:30', 0),
(15, 15, 1, '2025-10-21 10:50:45', 0),
(16, 1, 1, '2025-10-21 11:23:11', 0),
(17, 2, 1, '2025-10-21 12:36:22', 0),
(18, 3, 1, '2025-10-21 13:44:55', 0),
(19, 4, 1, '2025-10-21 14:56:08', 0),
(20, 5, 1, '2025-10-21 15:10:50', 0),
(21, 6, 1, '2025-10-21 16:27:43', 0),
(22, 7, 1, '2025-10-21 17:39:29', 0),
(23, 8, 1, '2025-10-21 18:48:16', 0),
(24, 9, 1, '2025-10-21 19:15:27', 0),
(25, 10, 1, '2025-10-21 08:40:05', 0),
(26, 11, 1, '2025-10-21 09:58:12', 0),
(27, 12, 1, '2025-10-21 10:46:34', 0),
(28, 13, 1, '2025-10-21 11:53:20', 0),
(29, 14, 1, '2025-10-21 12:37:48', 0),
(30, 15, 1, '2025-10-21 13:50:41', 0),
(31, 1, 1, '2025-10-21 14:15:36', 0),
(32, 2, 1, '2025-10-21 15:26:59', 0),
(33, 3, 1, '2025-10-21 16:33:22', 0),
(34, 4, 1, '2025-10-21 17:49:17', 0),
(35, 5, 1, '2025-10-21 18:58:30', 0),
(36, 6, 1, '2025-10-21 19:05:49', 0),
(37, 7, 1, '2025-10-21 08:22:13', 0),
(38, 8, 1, '2025-10-21 09:35:07', 0),
(39, 9, 1, '2025-10-21 10:44:51', 0),
(40, 10, 1, '2025-10-21 11:56:30', 0),
(41, 11, 1, '2025-10-21 12:45:14', 0),
(42, 12, 1, '2025-10-21 13:57:29', 0),
(43, 13, 1, '2025-10-21 14:38:05', 0),
(44, 14, 1, '2025-10-21 15:42:16', 0),
(45, 15, 1, '2025-10-21 16:54:38', 0),
(46, 1, 1, '2025-10-21 17:20:11', 0),
(47, 2, 1, '2025-10-21 18:25:50', 0),
(48, 3, 1, '2025-10-21 19:45:20', 0),
(49, 4, 1, '2025-10-21 08:05:55', 0),
(50, 5, 1, '2025-10-21 09:10:33', 0),
(51, 6, 1, '2025-10-21 10:20:45', 0),
(52, 7, 1, '2025-10-21 11:37:58', 0),
(53, 8, 1, '2025-10-21 12:43:19', 0),
(54, 9, 1, '2025-10-21 13:55:44', 0),
(55, 10, 1, '2025-10-21 14:48:22', 0),
(56, 11, 1, '2025-10-21 15:59:10', 0),
(57, 12, 1, '2025-10-21 16:32:05', 0),
(58, 13, 1, '2025-10-21 17:44:50', 0),
(59, 14, 1, '2025-10-21 18:28:37', 0),
(60, 15, 1, '2025-10-21 19:40:12', 0),
(61, 1, 1, '2025-10-21 08:12:09', 0),
(62, 2, 1, '2025-10-21 09:19:28', 0),
(63, 3, 1, '2025-10-21 10:27:42', 0),
(64, 4, 1, '2025-10-21 11:50:36', 0),
(65, 5, 1, '2025-10-21 12:58:23', 0),
(66, 6, 1, '2025-10-21 13:49:11', 0),
(67, 7, 1, '2025-10-21 14:51:50', 0),
(68, 8, 1, '2025-10-21 15:39:47', 0),
(69, 9, 1, '2025-10-21 16:47:16', 0),
(70, 10, 1, '2025-10-21 17:55:59', 0);
