INSERT INTO circuito (accesible, id_estado) VALUES
(1, 2),
(1, 2),
(0, 2),
(1, 2),
(1, 2),
(1, 2),
(0, 2),
(1, 2),
(1, 2),
(1, 2),
(1, 2),
(0, 2),
(1, 2),
(1, 2),
(1, 2);
-- estado por defecto "Bloqueado"
-- accesible 1, no accesible 0


INSERT INTO credencial (serie, numero, fecha_expedido, ci_ciudadano) VALUES
('EZW', 74198, '1971-05-27', '8.331.044-4'),
('JNU', 16953, '1995-11-24', '3.673.986-3'),
('TQH', 98760, '1979-03-16', '7.073.299-4'),
('LUA', 62311, '1998-03-23', '5.055.109-6'),
('GMR', 83200, '1976-08-21', '5.125.276-8'),
('YCV', 77236, '2017-01-31', '3.447.151-4'),
('VNE', 98142, '2018-05-16', '1.467.847-6'),
('DZC', 12084, '2018-06-15', '8.476.256-6'),
('KSL', 30109, '1977-03-04', '8.531.623-0'),
('WRI', 37982, '1978-06-15', '3.955.567-2'),
('AJK', 42216, '1994-08-04', '3.653.515-6'),
('UBQ', 95680, '1972-01-03', '6.160.974-6'),
('RHL', 58195, '2005-07-25', '8.416.469-2'),
('NPF', 44276, '2000-02-24', '4.409.196-6'),
('HMG', 29360, '2014-01-25', '9.090.524-3'),
('XTY', 56480, '2017-07-24', '2.572.090-8'),
('BJA', 75031, '2019-11-06', '1.918.115-4'),
('MKS', 93208, '1974-12-12', '8.988.078-9'),
('ZWI', 86571, '1999-07-11', '8.586.431-1'),
('QYO', 19046, '1980-10-26', '7.997.573-3'),
('OGV', 38240, '2020-04-30', '4.543.720-5'),
('SUX', 24856, '1981-07-30', '9.745.914-9'),
('CBE', 59964, '1978-02-24', '4.648.662-6'),
('TYZ', 84497, '2011-07-01', '6.391.350-9'),
('DHL', 78051, '1988-08-24', '9.076.966-8'),
('LFC', 50231, '1987-12-02', '8.749.569-4'),
('RMZ', 96414, '1979-01-15', '8.520.087-4'),
('IKN', 35680, '1979-10-19', '2.141.639-5'),
('XQE', 67101, '2007-06-24', '3.376.949-3'),
('WVJ', 13987, '2000-04-10', '5.699.218-8'),
('BXC', 71048, '2017-10-01', '9.657.629-6'),
('MYP', 40597, '2003-08-01', '2.390.549-6'),
('ZDJ', 24851, '2019-11-12', '1.125.050-2'),
('GUQ', 75136, '2014-12-04', '7.507.505-0'),
('HCN', 35147, '2007-10-22', '5.739.591-7'),
('VPL', 92547, '2003-07-31', '6.017.488-6'),
('FPW', 22813, '1967-12-09', '4.703.937-6'),
('JXO', 59082, '1978-07-16', '7.005.370-1'),
('ARK', 81341, '2002-12-05', '9.330.274-3'),
('SYF', 48399, '1985-03-04', '4.842.382-0'),
('BLT', 28743, '1981-05-22', '7.834.690-6'),
('ENK', 15976, '2011-10-12', '6.733.112-9'),
('CWY', 10057, '2018-12-16', '3.284.345-9'),
('NRH', 61602, '2003-01-12', '8.933.492-1'),
('QDF', 47239, '2017-07-01', '5.234.763-4'),
('MLB', 70622, '1989-09-17', '2.735.379-8'),
('TFJ', 92203, '2001-07-03', '6.816.908-9'),
('PXZ', 33364, '2019-07-17', '3.837.370-5'),
('WEN', 48915, '1976-11-20', '2.116.997-9'),
('UIG', 61977, '1994-05-24', '9.785.781-5'),
('EHA', 84041, '2009-02-23', '6.976.262-6'),
('JYK', 70041, '1991-08-17', '9.128.779-0'),
('YLM', 84979, '2016-01-21', '3.123.628-7'),
('AHM', 78809, '1997-07-12', '4.502.953-8'),
('NYC', 40650, '1999-11-08', '4.399.124-2'),
('KJD', 50316, '1984-11-24', '1.237.319-4'),
('ZFS', 19308, '1998-04-30', '7.558.247-8'),
('QMW', 12659, '1985-04-21', '1.933.408-5'),
('RDG', 29546, '1975-09-16', '7.770.122-3'),
('XUA', 15237, '2018-05-09', '1.641.746-8'),
('LVN', 76590, '2014-01-24', '2.315.882-5'),
('OKP', 47531, '1994-10-15', '8.796.231-2'),
('TKE', 89720, '2000-04-25', '7.734.051-6'),
('BMW', 13476, '2014-04-24', '9.322.526-1'),
('SEC', 40119, '1982-10-03', '2.765.097-5'),
('IAZ', 89123, '2020-11-10', '2.567.388-7'),
('DLX', 71325, '1996-02-15', '7.811.826-0'),
('CPG', 31877, '1975-07-14', '6.159.996-4'),
('UYB', 66780, '2022-12-30', '6.380.057-5'),
('MHQ', 97244, '1988-01-11', '8.007.482-0'),
('WLZ', 24601, '1994-08-10', '7.122.999-7'),
('AYX', 15439, '1977-09-12', '3.214.896-3'),
('JFE', 72059, '1981-03-19', '7.478.341-6'),
('HRT', 88521, '1982-02-24', '6.235.322-1'),
('BNM', 60471, '1977-09-11', '4.529.092-6'),
('VXJ', 11460, '2013-11-19', '2.774.455-6'),
('ZCK', 93755, '1990-10-24', '1.201.018-5'),
('OGY', 37608, '1975-05-22', '3.000.907-0'),
('KSU', 89504, '2007-12-07', '2.588.153-3'),
('WVE', 11966, '2015-03-08', '2.830.609-8'),
('PKO', 21752, '1967-08-10', '1.087.805-7'),
('YJW', 92508, '1997-10-31', '9.347.671-7'),
('FCT', 36772, '1973-01-24', '2.650.322-8'),
('LYI', 60123, '2008-02-25', '9.036.976-1'),
('NUE', 98362, '2001-10-03', '9.622.627-4'),
('AXV', 38857, '1977-08-16', '3.744.832-8'),
('DKP', 74058, '2007-07-07', '6.242.576-0'),
('RZQ', 42197, '2001-10-02', '7.031.778-2'),
('EGN', 50631, '2022-07-27', '8.848.458-8'),
('FZO', 69312, '2019-12-28', '7.232.501-3'),
('TXB', 22786, '1967-08-02', '3.514.048-4'),
('IMD', 81165, '2007-04-20', '4.983.734-9'),
('CUA', 58734, '1979-09-13', '9.140.950-2'),
('VRK', 76814, '2008-03-13', '9.416.525-5'),
('NWB', 46382, '1988-01-11', '4.441.259-7'),
('HXA', 97253, '1990-01-30', '8.818.987-8'),
('ZEL', 15406, '1993-10-21', '3.583.748-2'),
('KXP', 88226, '2001-08-18', '3.392.412-0'),
('YQD', 33381, '2004-02-24', '4.229.754-0'),
('PVA', 76958, '1994-12-17', '8.761.608-9');
-- Se tiene en cuenta que las ci sean las mismas que en la tabla ciudadano y no tengan repetición
-- y que la fecha de expedición de la cc sea cuando la persona tenía la edad de 17 o más años


INSERT INTO login_circuito (usuario, contraseña, id_circuito) VALUES
('circuito1', 'pass1', 1),
('circuito2', 'pass2', 2),
('circuito3', 'pass3', 3),
('circuito4', 'pass4', 4),
('circuito5', 'pass5', 5),
('circuito6', 'pass6', 6),
('circuito7', 'pass7', 7),
('circuito8', 'pass8', 8),
('circuito9', 'pass9', 9),
('circuito10', 'pass10', 10),
('circuito11', 'pass11', 11),
('circuito12', 'pass12', 12),
('circuito13', 'pass13', 13),
('circuito14', 'pass14', 14),
('circuito15', 'pass15', 15);


INSERT INTO miembro_mesa (ci, organismo_estado) VALUES
('8.331.044-4', 'Ministerio del Interior'),
('3.673.986-3', 'Ministerio de Salud Pública'),
('7.073.299-4', 'Ministerio de Educación y Cultura'),
('5.055.109-6', 'Ministerio de Transporte y Obras Públicas'),
('5.125.276-8', 'Ministerio de Desarrollo Social'),
('3.447.151-4', 'Ministerio de Economía y Finanzas'),
('1.467.847-6', 'Banco de Previsión Social'),
('8.476.256-6', 'Administración Nacional de Educación Pública'),
('8.531.623-0', 'Intendencia de Montevideo'),
('3.955.567-2', 'Ministerio de Trabajo y Seguridad Social'),
('3.653.515-6', 'Dirección Nacional de Migración'),
('6.160.974-6', 'Ministerio de Ganadería, Agricultura y Pesca'),
('8.416.469-2', 'Universidad de la República'),
('4.409.196-6', 'Ministerio de Turismo'),
('9.090.524-3', 'Ministerio de Defensa Nacional'),
('2.572.090-8', 'Administración de los Servicios de Salud del Estado'),
('1.918.115-4', 'Dirección General de Registros'),
('8.988.078-9', 'Junta Departamental de Montevideo'),
('8.586.431-1', 'Instituto Nacional de Estadística'),
('7.997.573-3', 'Dirección General Impositiva');


INSERT INTO login_miembro_mesa (usuario, contraseña, ci_miembro_mesa) VALUES
('mmesa1', 'pass1', '8.331.044-4'),
('mmesa2', 'pass2', '3.673.986-3'),
('mmesa3', 'pass3', '7.073.299-4'),
('mmesa4', 'pass4', '5.055.109-6'),
('mmesa5', 'pass5', '5.125.276-8'),
('mmesa6', 'pass6', '3.447.151-4'),
('mmesa7', 'pass7', '1.467.847-6'),
('mmesa8', 'pass8', '8.476.256-6'),
('mmesa9', 'pass9', '8.531.623-0'),
('mmesa10', 'pass10', '3.955.567-2'),
('mmesa11', 'pass11', '3.653.515-6'),
('mmesa12', 'pass12', '6.160.974-6'),
('mmesa13', 'pass13', '8.416.469-2'),
('mmesa14', 'pass14', '4.409.196-6'),
('mmesa15', 'pass15', '9.090.524-3'),
('mmesa16', 'pass16', '2.572.090-8'),
('mmesa17', 'pass17', '1.918.115-4'),
('mmesa18', 'pass18', '8.988.078-9'),
('mmesa19', 'pass19', '8.586.431-1'),
('mmesa20', 'pass20', '7.997.573-3');


INSERT INTO presidencial (id) VALUES (1);


INSERT INTO voto (observado, tipo) VALUES
(0, 1),(0, 1),(0, 1),(0, 1),(0, 1),
(0, 1),(0, 1),(0, 1),(0, 1),(0, 1),
(0, 1),(0, 1),(0, 1),(0, 1),(0, 1),
(0, 1),(0, 1),(0, 1),(0, 1),(0, 1),
(0, 1),(0, 1),(0, 1),(0, 1),(0, 1),
(0, 1),(0, 1),(0, 1),(0, 1),(0, 1),
(0, 1),(0, 1),(0, 1),(0, 1),(0, 1),
(0, 1),(0, 1),(0, 1),(0, 1),(0, 1),
(0, 1),(0, 1),(0, 1),(0, 1),(0, 1),
(0, 1),(0, 1),(0, 1),(0, 1),(0, 1),

(0, 2),(0, 2),(0, 2),(0, 2),(0, 2),
(0, 2),(0, 2),(0, 2),(0, 2),(0, 2),

(0, 3),(0, 3),(0, 3),(0, 3),(0, 3),
(0, 3),(0, 3),(0, 3),(0, 3),(0, 3);


INSERT INTO zona (nombre, id_departamento) VALUES
('Centro', 10),
('Pocitos', 10),
('Carrasco', 10),
('Parque Rodó', 10),
('Tres Cruces', 10);
